{
  "$schema": "http://json-schema.org/schema",
  "id": "SchemanticsForMenu",
  "title": "Menu Schema",
  "type": "object",
  "properties": {
    "name": {
      "type": "string",
      "default": "name"
    },
    "path": {
      "type": "string",
      "default": "app"
    },
    "appRoot": {
      "type": "string"
    },
    "sourceDir": {
      "type": "string",
      "default": "src"
    },
    "module": {
      "type": "string",
      "description": "The declaring module.",
      "alias": "m"
    },
    "export": {
      "type": "boolean",
      "default": false,
      "description": "Export component from module?"
    },
    "model": {
      "type": "string",
      "default": "model.json",
      "description": "Model describing the crud form"
    }
  }
}